repo_name,openedx_yaml.oep-2,ownership.theme,ownership.squad
openedx/openedx-app-firebase-analytics-android,,,
openedx/openedx-atlas,,,
openedx/sample-aspects-dbt,,,
openedx/frontend-platform,,,
openedx/course-discovery,,,
openedx/edx-ui-toolkit,,,
openedx/stylelint-config-edx,,,
openedx/api-doc-tools,,,
openedx/openedx-wordpress-ecommerce,,,
openedx/openedx-k8s-harmony,,,
openedx/frontend-components-tinymce-advanced-plugins,,,
openedx/edx-organizations,,,
openedx/openedx-events,,,
openedx/event-bus-kafka,,,
openedx/xqueue,,,
openedx/codejail-includes,,,
openedx/codejail,,,
openedx/xblock-lti-consumer,,,
openedx/DoneXBlock,,,
openedx/frontend-enterprise,,,
openedx/forum,,,
openedx/frontend-component-cookie-policy-banner,,,
openedx/frontend-app-gradebook,,,
openedx/frontend-app-learner-dashboard,,,
openedx/openedx-filters,,,
openedx/tutor-contrib-aspects-sample,,,
openedx/edx-enterprise,,,
openedx/openedx-ledger,,,
openedx/enterprise-catalog,,,
openedx/frontend-base-compat,,,
openedx/xblock-image-explorer,,,
openedx/edx-submissions,,,
openedx/cypress-e2e-tests,,,
openedx/edx-search,,,
openedx/edx-toggles,,,
openedx/completion,,,
openedx/acid-block,,,
openedx/frontend-app-account,,,
openedx/olxcleaner,,,
openedx/aspects-dbt,,,
openedx/xblock-sdk,,,
openedx/frontend-base,,,
openedx/RecommenderXBlock,,,
openedx/edx-rest-api-client,,,
openedx/frontend-template-application,,,
openedx/openedx-app-foundation-ios,,,
openedx/frontend-app-communications,,,
openedx/auth-backends,,,
openedx/sample-plugin,,,
openedx/license-manager,,,
openedx/enterprise-access,,,
openedx/frontend-app-instructor-dashboard,,,
openedx/ccx-keys,,,
openedx/help-tokens,,,
openedx/edx-val,,,
openedx/training-courses,,,
openedx/i18n-tools,,,
openedx/frontend-template-site,,,
openedx/frontend-build,,,
openedx/frontend-plugin-framework,,,
openedx/django-wiki,,,
openedx/browserslist-config,,,
openedx/frontend-app-ora-grading,,,
openedx/taxonomy-connector,,,
openedx/edx-ora2,,,
openedx/frontend-app-authoring,,,
openedx/pr_watcher_configuration,,,
openedx/didkit-python,,,
openedx/frontend-dev-utils,,,
openedx/openedx-aspects,,,
openedx/openedx-app-android,,,
openedx/platform-plugin-aspects,,,
openedx/enmerkar-underscore,,,
openedx/openedx-proposals,,,
openedx/xblock-in-video-quiz,,,
openedx/staff-graded-xblock,,,
openedx/frontend-app-profile,,,
openedx/frontend-app-ora,,,
openedx/credentials-themes,,,
openedx/openedx-authz,,,
openedx/django-user-tasks,,,
openedx/edx-ace,,,
openedx/django-require,,,
openedx/frontend-app-discussions,,,
openedx/openedx-calc,,,
openedx/docs.openedx.org,,,
openedx/edx-milestones,,,
openedx/frontend-app-notifications,,,
openedx/edx-bulk-grades,,,
openedx/openedx-app-ios,,,
openedx/openedx-webhooks-data-schema,,,
openedx/edx-django-utils,,,
openedx/pytest-repo-health,,,
openedx/typescript-config,,,
openedx/frontend-app-catalog,,,
openedx/django-pyfs,,,
openedx/credentials,,,
openedx/edx-django-sites-extensions,,,
openedx/openedx-core,,,
openedx/frontend-app-learner-record,,,
openedx/openedx-search,,,
openedx/frontend-app-enterprise-public-catalog,,,
openedx/edx-drf-extensions,,,
openedx/frontend-app-learner-portal-enterprise,,,
openedx/frontend-app-admin-portal,,,
openedx/super-csv,,,
openedx/openedx-app-foundation-android,,,
openedx/XBlock,,,
openedx/frontend-app-authn,,,
openedx/paragon,,,
openedx/edx-when,,,
openedx/crowdsourcehinter,,,
openedx/xblock-google-drive,,,
openedx/repo-tools,,,
openedx/frontend-plugin-aspects,,,
openedx/openedx-app-test,,,
openedx/frontend-app-learning,,,
openedx/mockprock,,,
openedx/tutor-contrib-aspects,,,
openedx/brand-openedx,,,
openedx/openedx-translations,,,
openedx/edx-proctoring,,,
openedx/tutor-contrib-platform-notifications,,,
openedx/openedx-app-firebase-analytics-ios,,,
openedx/codejail-service,,,
openedx/frontend-app-aspects,,,
openedx/pr_watcher_notifier,,,
openedx/edx-celeryutils,,,
openedx/event-tracking,,,
openedx/frontend-app-admin-console,,,
openedx/enterprise-subsidy,,,
openedx/edx-enterprise-data,,,
openedx/code-annotations,,,
openedx/frontend-component-header,,,
openedx/xss-utils,,,
openedx/end-to-end-tests,,,
openedx/xblock-drag-and-drop-v2,,,
openedx/xapi-db-load,,,
openedx/xblocks-core,,,
openedx/xqueue-watcher,,,
openedx/cc2olx,,,
openedx/edx-cookiecutters,,,
openedx/platform-roadmap,,,
openedx/openedx-demo-course,,,
openedx/tinymce-language-selector,,,
openedx/eslint-config,,,
openedx/edx-lint,,,
openedx/opaque-keys,,,
openedx/edx-enterprise-subsidy-client,,,
openedx/openedx-backstage,,,
openedx/event-bus-redis,,,
openedx/openedx-chem,,,
openedx/enterprise-integrated-channels,,,
openedx/edx-rbac,,,
openedx/openedx-tutor-plugins,,,
openedx/openedx-webhooks,,,
openedx/xblocks-extra,,,
openedx/django-config-models,,,
openedx/modular-learning,,,
openedx/openedx-ai-extensions,,,
openedx/frontend-component-footer,,,
openedx/event-routing-backends,,,
openedx/frontend-lib-special-exams,,,
openedx/openedx-platform,,,
openedx/edx-bootstrap,,,
openedx/edx-notes-api,,,
openedx/axim-engineering,,,
openedx/public-engineering,,,
openedx/xblock-skill-tagging,,,
